post_url,post_time,post_title,post_content,comment
https://www.ptt.cc/bbs/biker/M.1678955878.A.2ED.html,2020-03-16,Re: [問題] 棄坑狗肉換回油車，求推薦 - 看板 biker - 批踢踢實業坊,"我本來騎gogoro2
講真的
超好騎
好滑
真的是輕鬆催就滑出去
",本版唯一推MMBCU
https://www.ptt.cc/bbs/biker/M.1678955878.A.2ED.html,2020-03-16,Re: [問題] 棄坑狗肉換回油車，求推薦 - 看板 biker - 批踢踢實業坊,"我本來騎gogoro2
講真的
超好騎
好滑
真的是輕鬆催就滑出去
",先恭喜牽新車，等你分享
https://www.ptt.cc/bbs/biker/M.1678955878.A.2ED.html,2020-03-16,Re: [問題] 棄坑狗肉換回油車，求推薦 - 看板 biker - 批踢踢實業坊,"我本來騎gogoro2
講真的
超好騎
好滑
真的是輕鬆催就滑出去
",活力是真的猛！羊皮狼！倒是一樓反串要
https://www.ptt.cc/bbs/biker/M.1678955878.A.2ED.html,2020-03-16,Re: [問題] 棄坑狗肉換回油車，求推薦 - 看板 biker - 批踢踢實業坊,"我本來騎gogoro2
講真的
超好騎
好滑
真的是輕鬆催就滑出去
",講欸，本板一堆被迫害妄想的。
https://www.ptt.cc/bbs/biker/M.1678955878.A.2ED.html,2020-03-16,Re: [問題] 棄坑狗肉換回油車，求推薦 - 看板 biker - 批踢踢實業坊,"我本來騎gogoro2
講真的
超好騎
好滑
真的是輕鬆催就滑出去
",你484怕被罵有事(x
https://www.ptt.cc/bbs/biker/M.1678955878.A.2ED.html,2020-03-16,Re: [問題] 棄坑狗肉換回油車，求推薦 - 看板 biker - 批踢踢實業坊,"我本來騎gogoro2
講真的
超好騎
好滑
真的是輕鬆催就滑出去
",180騎125不卡腳真的厲害
https://www.ptt.cc/bbs/biker/M.1678955878.A.2ED.html,2020-03-16,Re: [問題] 棄坑狗肉換回油車，求推薦 - 看板 biker - 批踢踢實業坊,"我本來騎gogoro2
講真的
超好騎
好滑
真的是輕鬆催就滑出去
",試騎起來真不卡，我小腿也不算短喔，手把
https://www.ptt.cc/bbs/biker/M.1678955878.A.2ED.html,2020-03-16,Re: [問題] 棄坑狗肉換回油車，求推薦 - 看板 biker - 批踢踢實業坊,"我本來騎gogoro2
講真的
超好騎
好滑
真的是輕鬆催就滑出去
",距離膝蓋還有一段
https://www.ptt.cc/bbs/biker/M.1678955878.A.2ED.html,2020-03-16,Re: [問題] 棄坑狗肉換回油車，求推薦 - 看板 biker - 批踢踢實業坊,"我本來騎gogoro2
講真的
超好騎
好滑
真的是輕鬆催就滑出去
",唯一推薦 全新迪爵
https://www.ptt.cc/bbs/biker/M.1678955878.A.2ED.html,2020-03-16,Re: [問題] 棄坑狗肉換回油車，求推薦 - 看板 biker - 批踢踢實業坊,"我本來騎gogoro2
講真的
超好騎
好滑
真的是輕鬆催就滑出去
",我本來是考慮活力、jog、新豪邁，純粹家庭
https://www.ptt.cc/bbs/biker/M.1678955878.A.2ED.html,2020-03-16,Re: [問題] 棄坑狗肉換回油車，求推薦 - 看板 biker - 批踢踢實業坊,"我本來騎gogoro2
講真的
超好騎
好滑
真的是輕鬆催就滑出去
",買菜代步用途。後來剩活力跟jog兩台在掙，
https://www.ptt.cc/bbs/biker/M.1678955878.A.2ED.html,2020-03-16,Re: [問題] 棄坑狗肉換回油車，求推薦 - 看板 biker - 批踢踢實業坊,"我本來騎gogoro2
講真的
超好騎
好滑
真的是輕鬆催就滑出去
",但jog實在太小台，我騎起來很憋，加上性價
https://www.ptt.cc/bbs/biker/M.1678955878.A.2ED.html,2020-03-16,Re: [問題] 棄坑狗肉換回油車，求推薦 - 看板 biker - 批踢踢實業坊,"我本來騎gogoro2
講真的
超好騎
好滑
真的是輕鬆催就滑出去
",比發現活力很神，所以決定買活力^O^
https://www.ptt.cc/bbs/biker/M.1678955878.A.2ED.html,2020-03-16,Re: [問題] 棄坑狗肉換回油車，求推薦 - 看板 biker - 批踢踢實業坊,"我本來騎gogoro2
講真的
超好騎
好滑
真的是輕鬆催就滑出去
",過程中發現活力雖然是入門125，但車長也沒
https://www.ptt.cc/bbs/biker/M.1678955878.A.2ED.html,2020-03-16,Re: [問題] 棄坑狗肉換回油車，求推薦 - 看板 biker - 批踢踢實業坊,"我本來騎gogoro2
講真的
超好騎
好滑
真的是輕鬆催就滑出去
",比較短，主要是瘦，剛好符合我想要好停路
https://www.ptt.cc/bbs/biker/M.1678955878.A.2ED.html,2020-03-16,Re: [問題] 棄坑狗肉換回油車，求推薦 - 看板 biker - 批踢踢實業坊,"我本來騎gogoro2
講真的
超好騎
好滑
真的是輕鬆催就滑出去
",邊車格的需求。勁豪、迪爵跟名流都比較壯
https://www.ptt.cc/bbs/biker/M.1678955878.A.2ED.html,2020-03-16,Re: [問題] 棄坑狗肉換回油車，求推薦 - 看板 biker - 批踢踢實業坊,"我本來騎gogoro2
講真的
超好騎
好滑
真的是輕鬆催就滑出去
",，塞車格相對吃力點。
https://www.ptt.cc/bbs/biker/M.1678955878.A.2ED.html,2020-03-16,Re: [問題] 棄坑狗肉換回油車，求推薦 - 看板 biker - 批踢踢實業坊,"我本來騎gogoro2
講真的
超好騎
好滑
真的是輕鬆催就滑出去
",jet sl、勁戰、雷霆s這種高階125太大台惹
https://www.ptt.cc/bbs/biker/M.1678955878.A.2ED.html,2020-03-16,Re: [問題] 棄坑狗肉換回油車，求推薦 - 看板 biker - 批踢踢實業坊,"我本來騎gogoro2
講真的
超好騎
好滑
真的是輕鬆催就滑出去
",，家裡女生成員連牽都成問題，不考慮
https://www.ptt.cc/bbs/biker/M.1678955878.A.2ED.html,2020-03-16,Re: [問題] 棄坑狗肉換回油車，求推薦 - 看板 biker - 批踢踢實業坊,"我本來騎gogoro2
講真的
超好騎
好滑
真的是輕鬆催就滑出去
",不然是很想買jet QQ
https://www.ptt.cc/bbs/biker/M.1678955878.A.2ED.html,2020-03-16,Re: [問題] 棄坑狗肉換回油車，求推薦 - 看板 biker - 批踢踢實業坊,"我本來騎gogoro2
講真的
超好騎
好滑
真的是輕鬆催就滑出去
",鏈條上油跟機車要換機油齒輪油一樣啊
https://www.ptt.cc/bbs/biker/M.1678955878.A.2ED.html,2020-03-16,Re: [問題] 棄坑狗肉換回油車，求推薦 - 看板 biker - 批踢踢實業坊,"我本來騎gogoro2
講真的
超好騎
好滑
真的是輕鬆催就滑出去
", 尤其是沒有護蓋的檔車要更勤
https://www.ptt.cc/bbs/biker/M.1678955878.A.2ED.html,2020-03-16,Re: [問題] 棄坑狗肉換回油車，求推薦 - 看板 biker - 批踢踢實業坊,"我本來騎gogoro2
講真的
超好騎
好滑
真的是輕鬆催就滑出去
","保養鍊條只是檔車的基本,怎換電車就不行了"
https://www.ptt.cc/bbs/biker/M.1678955878.A.2ED.html,2020-03-16,Re: [問題] 棄坑狗肉換回油車，求推薦 - 看板 biker - 批踢踢實業坊,"我本來騎gogoro2
講真的
超好騎
好滑
真的是輕鬆催就滑出去
",會騎電車的基本上是原來的速克達族
https://www.ptt.cc/bbs/biker/M.1678955878.A.2ED.html,2020-03-16,Re: [問題] 棄坑狗肉換回油車，求推薦 - 看板 biker - 批踢踢實業坊,"我本來騎gogoro2
講真的
超好騎
好滑
真的是輕鬆催就滑出去
",群吧？既然是原本的速克達族群，不
https://www.ptt.cc/bbs/biker/M.1678955878.A.2ED.html,2020-03-16,Re: [問題] 棄坑狗肉換回油車，求推薦 - 看板 biker - 批踢踢實業坊,"我本來騎gogoro2
講真的
超好騎
好滑
真的是輕鬆催就滑出去
",會/不想/懶得保養鍊條也很正常啊XD
https://www.ptt.cc/bbs/biker/M.1678955878.A.2ED.html,2020-03-16,Re: [問題] 棄坑狗肉換回油車，求推薦 - 看板 biker - 批踢踢實業坊,"我本來騎gogoro2
講真的
超好騎
好滑
真的是輕鬆催就滑出去
",因為他是要做成速克達不是擋車
https://www.ptt.cc/bbs/biker/M.1678955878.A.2ED.html,2020-03-16,Re: [問題] 棄坑狗肉換回油車，求推薦 - 看板 biker - 批踢踢實業坊,"我本來騎gogoro2
講真的
超好騎
好滑
真的是輕鬆催就滑出去
",速克達族群普遍皮帶騎到斷才換，哪來優越
https://www.ptt.cc/bbs/biker/M.1678955878.A.2ED.html,2020-03-16,Re: [問題] 棄坑狗肉換回油車，求推薦 - 看板 biker - 批踢踢實業坊,"我本來騎gogoro2
講真的
超好騎
好滑
真的是輕鬆催就滑出去
",想法他們會花1秒鐘保養鏈條，而皮帶版一
https://www.ptt.cc/bbs/biker/M.1678955878.A.2ED.html,2020-03-16,Re: [問題] 棄坑狗肉換回油車，求推薦 - 看板 biker - 批踢踢實業坊,"我本來騎gogoro2
講真的
超好騎
好滑
真的是輕鬆催就滑出去
",定撐到出絲了騎去保養還回你還沒斷不用換
https://www.ptt.cc/bbs/biker/M.1678955878.A.2ED.html,2020-03-16,Re: [問題] 棄坑狗肉換回油車，求推薦 - 看板 biker - 批踢踢實業坊,"我本來騎gogoro2
講真的
超好騎
好滑
真的是輕鬆催就滑出去
",啦！繼續騎到真的斷掉為止
https://www.ptt.cc/bbs/biker/M.1678955878.A.2ED.html,2020-03-16,Re: [問題] 棄坑狗肉換回油車，求推薦 - 看板 biker - 批踢踢實業坊,"我本來騎gogoro2
講真的
超好騎
好滑
真的是輕鬆催就滑出去
",馬達真的比內燃機簡單舒適很多 可惜現在還
https://www.ptt.cc/bbs/biker/M.1678955878.A.2ED.html,2020-03-16,Re: [問題] 棄坑狗肉換回油車，求推薦 - 看板 biker - 批踢踢實業坊,"我本來騎gogoro2
講真的
超好騎
好滑
真的是輕鬆催就滑出去
",是太多不足了
https://www.ptt.cc/bbs/biker/M.1678955878.A.2ED.html,2020-03-16,Re: [問題] 棄坑狗肉換回油車，求推薦 - 看板 biker - 批踢踢實業坊,"我本來騎gogoro2
講真的
超好騎
好滑
真的是輕鬆催就滑出去
",說真的鏈條自己保養比油車cvt的皮帶簡單多
https://www.ptt.cc/bbs/biker/M.1678955878.A.2ED.html,2020-03-16,Re: [問題] 棄坑狗肉換回油車，求推薦 - 看板 biker - 批踢踢實業坊,"我本來騎gogoro2
講真的
超好騎
好滑
真的是輕鬆催就滑出去
",了
https://www.ptt.cc/bbs/biker/M.1678955878.A.2ED.html,2020-03-16,Re: [問題] 棄坑狗肉換回油車，求推薦 - 看板 biker - 批踢踢實業坊,"我本來騎gogoro2
講真的
超好騎
好滑
真的是輕鬆催就滑出去
",我178騎jet sr 都有點卡膝蓋
https://www.ptt.cc/bbs/biker/M.1678955878.A.2ED.html,2020-03-16,Re: [問題] 棄坑狗肉換回油車，求推薦 - 看板 biker - 批踢踢實業坊,"我本來騎gogoro2
講真的
超好騎
好滑
真的是輕鬆催就滑出去
",這東西我不是專家，我在猜，會不會卡腳，
https://www.ptt.cc/bbs/biker/M.1678955878.A.2ED.html,2020-03-16,Re: [問題] 棄坑狗肉換回油車，求推薦 - 看板 biker - 批踢踢實業坊,"我本來騎gogoro2
講真的
超好騎
好滑
真的是輕鬆催就滑出去
",可能跟車子腳踏板與把手間距離有關
https://www.ptt.cc/bbs/biker/M.1678955878.A.2ED.html,2020-03-16,Re: [問題] 棄坑狗肉換回油車，求推薦 - 看板 biker - 批踢踢實業坊,"我本來騎gogoro2
講真的
超好騎
好滑
真的是輕鬆催就滑出去
",腳踏板離地面越遠+把手離地面越近的設計，
https://www.ptt.cc/bbs/biker/M.1678955878.A.2ED.html,2020-03-16,Re: [問題] 棄坑狗肉換回油車，求推薦 - 看板 biker - 批踢踢實業坊,"我本來騎gogoro2
講真的
超好騎
好滑
真的是輕鬆催就滑出去
",可能更容易卡腳
https://www.ptt.cc/bbs/biker/M.1678955878.A.2ED.html,2020-03-16,Re: [問題] 棄坑狗肉換回油車，求推薦 - 看板 biker - 批踢踢實業坊,"我本來騎gogoro2
講真的
超好騎
好滑
真的是輕鬆催就滑出去
",gogoro我騎的經驗是腳踏板離地面比一般油
https://www.ptt.cc/bbs/biker/M.1678955878.A.2ED.html,2020-03-16,Re: [問題] 棄坑狗肉換回油車，求推薦 - 看板 biker - 批踢踢實業坊,"我本來騎gogoro2
講真的
超好騎
好滑
真的是輕鬆催就滑出去
",車更低
https://www.ptt.cc/bbs/biker/M.1678955878.A.2ED.html,2020-03-16,Re: [問題] 棄坑狗肉換回油車，求推薦 - 看板 biker - 批踢踢實業坊,"我本來騎gogoro2
講真的
超好騎
好滑
真的是輕鬆催就滑出去
",我找到一張網路的jet sr四視圖，騎士170公
https://www.ptt.cc/bbs/biker/M.1678955878.A.2ED.html,2020-03-16,Re: [問題] 棄坑狗肉換回油車，求推薦 - 看板 biker - 批踢踢實業坊,"我本來騎gogoro2
講真的
超好騎
好滑
真的是輕鬆催就滑出去
",分高，但感覺他膝蓋離把手沒有很遠
https://www.ptt.cc/bbs/biker/M.1678955878.A.2ED.html,2020-03-16,Re: [問題] 棄坑狗肉換回油車，求推薦 - 看板 biker - 批踢踢實業坊,"我本來騎gogoro2
講真的
超好騎
好滑
真的是輕鬆催就滑出去
",https://tinyurl.com/mrydkum3
https://www.ptt.cc/bbs/biker/M.1678955878.A.2ED.html,2020-03-16,Re: [問題] 棄坑狗肉換回油車，求推薦 - 看板 biker - 批踢踢實業坊,"我本來騎gogoro2
講真的
超好騎
好滑
真的是輕鬆催就滑出去
","就踏板底下放油箱,手把又不能太高就變這樣"
https://www.ptt.cc/bbs/biker/M.1678955878.A.2ED.html,2020-03-16,Re: [問題] 棄坑狗肉換回油車，求推薦 - 看板 biker - 批踢踢實業坊,"我本來騎gogoro2
講真的
超好騎
好滑
真的是輕鬆催就滑出去
",第一次騎jog覺得這逼機的姿勢怎麼做出來的
https://www.ptt.cc/bbs/biker/M.1678955878.A.2ED.html,2020-03-16,Re: [問題] 棄坑狗肉換回油車，求推薦 - 看板 biker - 批踢踢實業坊,"我本來騎gogoro2
講真的
超好騎
好滑
真的是輕鬆催就滑出去
",k大雖然高個8公分，但也不太可能全高在膝
https://www.ptt.cc/bbs/biker/M.1678955878.A.2ED.html,2020-03-16,Re: [問題] 棄坑狗肉換回油車，求推薦 - 看板 biker - 批踢踢實業坊,"我本來騎gogoro2
講真的
超好騎
好滑
真的是輕鬆催就滑出去
",蓋，所以說要真的去卡到，是比較難想像，
https://www.ptt.cc/bbs/biker/M.1678955878.A.2ED.html,2020-03-16,Re: [問題] 棄坑狗肉換回油車，求推薦 - 看板 biker - 批踢踢實業坊,"我本來騎gogoro2
講真的
超好騎
好滑
真的是輕鬆催就滑出去
",但轉彎就確實難講了
https://www.ptt.cc/bbs/biker/M.1678955878.A.2ED.html,2020-03-16,Re: [問題] 棄坑狗肉換回油車，求推薦 - 看板 biker - 批踢踢實業坊,"我本來騎gogoro2
講真的
超好騎
好滑
真的是輕鬆催就滑出去
",騎著騎著就會習慣了也不是不能騎啦...
https://www.ptt.cc/bbs/biker/M.1678955878.A.2ED.html,2020-03-16,Re: [問題] 棄坑狗肉換回油車，求推薦 - 看板 biker - 批踢踢實業坊,"我本來騎gogoro2
講真的
超好騎
好滑
真的是輕鬆催就滑出去
",膝蓋要離龍頭要有一段高度才不會卡腳
https://www.ptt.cc/bbs/biker/M.1678955878.A.2ED.html,2020-03-16,Re: [問題] 棄坑狗肉換回油車，求推薦 - 看板 biker - 批踢踢實業坊,"我本來騎gogoro2
講真的
超好騎
好滑
真的是輕鬆催就滑出去
",jog的設計感覺比較適合身材嬌小的女生騎
https://www.ptt.cc/bbs/biker/M.1678955878.A.2ED.html,2020-03-16,Re: [問題] 棄坑狗肉換回油車，求推薦 - 看板 biker - 批踢踢實業坊,"我本來騎gogoro2
講真的
超好騎
好滑
真的是輕鬆催就滑出去
",是啊，油箱如果在腳踏下方，腳踏板就無法
https://www.ptt.cc/bbs/biker/M.1678955878.A.2ED.html,2020-03-16,Re: [問題] 棄坑狗肉換回油車，求推薦 - 看板 biker - 批踢踢實業坊,"我本來騎gogoro2
講真的
超好騎
好滑
真的是輕鬆催就滑出去
",設計得離地面太近，那膝蓋離把手或龍頭越
https://www.ptt.cc/bbs/biker/M.1678955878.A.2ED.html,2020-03-16,Re: [問題] 棄坑狗肉換回油車，求推薦 - 看板 biker - 批踢踢實業坊,"我本來騎gogoro2
講真的
超好騎
好滑
真的是輕鬆催就滑出去
",近，可能就越容易卡到
https://www.ptt.cc/bbs/biker/M.1678955878.A.2ED.html,2020-03-16,Re: [問題] 棄坑狗肉換回油車，求推薦 - 看板 biker - 批踢踢實業坊,"我本來騎gogoro2
講真的
超好騎
好滑
真的是輕鬆催就滑出去
",這個則是174騎jet sl
https://www.ptt.cc/bbs/biker/M.1678955878.A.2ED.html,2020-03-16,Re: [問題] 棄坑狗肉換回油車，求推薦 - 看板 biker - 批踢踢實業坊,"我本來騎gogoro2
講真的
超好騎
好滑
真的是輕鬆催就滑出去
",https://tinyurl.com/ykftzzpu
https://www.ptt.cc/bbs/biker/M.1678955878.A.2ED.html,2020-03-16,Re: [問題] 棄坑狗肉換回油車，求推薦 - 看板 biker - 批踢踢實業坊,"我本來騎gogoro2
講真的
超好騎
好滑
真的是輕鬆催就滑出去
",https://tinyurl.com/6276c9mf
https://www.ptt.cc/bbs/biker/M.1678955878.A.2ED.html,2020-03-16,Re: [問題] 棄坑狗肉換回油車，求推薦 - 看板 biker - 批踢踢實業坊,"我本來騎gogoro2
講真的
超好騎
好滑
真的是輕鬆催就滑出去
",總之我個人試騎活力的經驗是不會卡
https://www.ptt.cc/bbs/biker/M.1678955878.A.2ED.html,2020-03-16,Re: [問題] 棄坑狗肉換回油車，求推薦 - 看板 biker - 批踢踢實業坊,"我本來騎gogoro2
講真的
超好騎
好滑
真的是輕鬆催就滑出去
",期待開箱~
https://www.ptt.cc/bbs/biker/M.1678955878.A.2ED.html,2020-03-16,Re: [問題] 棄坑狗肉換回油車，求推薦 - 看板 biker - 批踢踢實業坊,"我本來騎gogoro2
講真的
超好騎
好滑
真的是輕鬆催就滑出去
",jet車把我覺得設計太低了 背跟肩膀很不舒
https://www.ptt.cc/bbs/biker/M.1678955878.A.2ED.html,2020-03-16,Re: [問題] 棄坑狗肉換回油車，求推薦 - 看板 biker - 批踢踢實業坊,"我本來騎gogoro2
講真的
超好騎
好滑
真的是輕鬆催就滑出去
",服 可是我看沒什麼人在網路上反映
https://www.ptt.cc/bbs/biker/M.1678955878.A.2ED.html,2020-03-16,Re: [問題] 棄坑狗肉換回油車，求推薦 - 看板 biker - 批踢踢實業坊,"我本來騎gogoro2
講真的
超好騎
好滑
真的是輕鬆催就滑出去
",這討論真有趣，我有個朋友197本來騎一代
https://www.ptt.cc/bbs/biker/M.1678955878.A.2ED.html,2020-03-16,Re: [問題] 棄坑狗肉換回油車，求推薦 - 看板 biker - 批踢踢實業坊,"我本來騎gogoro2
講真的
超好騎
好滑
真的是輕鬆催就滑出去
",戰，後來騎勁豪。
https://www.ptt.cc/bbs/biker/M.1678955878.A.2ED.html,2020-03-16,Re: [問題] 棄坑狗肉換回油車，求推薦 - 看板 biker - 批踢踢實業坊,"我本來騎gogoro2
講真的
超好騎
好滑
真的是輕鬆催就滑出去
",改天問他怎麼適應的。
https://www.ptt.cc/bbs/biker/M.1678955878.A.2ED.html,2020-03-16,Re: [問題] 棄坑狗肉換回油車，求推薦 - 看板 biker - 批踢踢實業坊,"我本來騎gogoro2
講真的
超好騎
好滑
真的是輕鬆催就滑出去
",恭喜牽好車
https://www.ptt.cc/bbs/biker/M.1678955878.A.2ED.html,2020-03-16,Re: [問題] 棄坑狗肉換回油車，求推薦 - 看板 biker - 批踢踢實業坊,"我本來騎gogoro2
講真的
超好騎
好滑
真的是輕鬆催就滑出去
",之前有一篇說要買電車給長輩，怕長輩被
https://www.ptt.cc/bbs/biker/M.1678955878.A.2ED.html,2020-03-16,Re: [問題] 棄坑狗肉換回油車，求推薦 - 看板 biker - 批踢踢實業坊,"我本來騎gogoro2
講真的
超好騎
好滑
真的是輕鬆催就滑出去
",排氣管燙到的，我真的不知道他在想什麼
https://www.ptt.cc/bbs/biker/M.1678955878.A.2ED.html,2020-03-16,Re: [問題] 棄坑狗肉換回油車，求推薦 - 看板 biker - 批踢踢實業坊,"我本來騎gogoro2
講真的
超好騎
好滑
真的是輕鬆催就滑出去
",推一個等分享
https://www.ptt.cc/bbs/biker/M.1678955878.A.2ED.html,2020-03-16,Re: [問題] 棄坑狗肉換回油車，求推薦 - 看板 biker - 批踢踢實業坊,"我本來騎gogoro2
講真的
超好騎
好滑
真的是輕鬆催就滑出去
",哇我178也試騎過活力 後來還是選胖迪
https://www.ptt.cc/bbs/biker/M.1678955878.A.2ED.html,2020-03-16,Re: [問題] 棄坑狗肉換回油車，求推薦 - 看板 biker - 批踢踢實業坊,"我本來騎gogoro2
講真的
超好騎
好滑
真的是輕鬆催就滑出去
", 真的比較不卡...
https://www.ptt.cc/bbs/biker/M.1678955878.A.2ED.html,2020-03-16,Re: [問題] 棄坑狗肉換回油車，求推薦 - 看板 biker - 批踢踢實業坊,"我本來騎gogoro2
講真的
超好騎
好滑
真的是輕鬆催就滑出去
",電池換到五六十那邊單位是公里嗎
https://www.ptt.cc/bbs/biker/M.1678955878.A.2ED.html,2020-03-16,Re: [問題] 棄坑狗肉換回油車，求推薦 - 看板 biker - 批踢踢實業坊,"我本來騎gogoro2
講真的
超好騎
好滑
真的是輕鬆催就滑出去
",%%%%%%%%%%
https://www.ptt.cc/bbs/biker/M.1678955878.A.2ED.html,2020-03-16,Re: [問題] 棄坑狗肉換回油車，求推薦 - 看板 biker - 批踢踢實業坊,"我本來騎gogoro2
講真的
超好騎
好滑
真的是輕鬆催就滑出去
",是公里沒錯 會根據騎乘習慣預估 載重
https://www.ptt.cc/bbs/biker/M.1678955878.A.2ED.html,2020-03-16,Re: [問題] 棄坑狗肉換回油車，求推薦 - 看板 biker - 批踢踢實業坊,"我本來騎gogoro2
講真的
超好騎
好滑
真的是輕鬆催就滑出去
",也有影響
https://www.ptt.cc/bbs/biker/M.1678955878.A.2ED.html,2020-03-16,Re: [問題] 棄坑狗肉換回油車，求推薦 - 看板 biker - 批踢踢實業坊,"我本來騎gogoro2
講真的
超好騎
好滑
真的是輕鬆催就滑出去
",狗肉的里程預估愈來愈不準了...
https://www.ptt.cc/bbs/biker/M.1678955878.A.2ED.html,2020-03-16,Re: [問題] 棄坑狗肉換回油車，求推薦 - 看板 biker - 批踢踢實業坊,"我本來騎gogoro2
講真的
超好騎
好滑
真的是輕鬆催就滑出去
",就一堆老電池，有時還剩十公理，五百之後
https://www.ptt.cc/bbs/biker/M.1678955878.A.2ED.html,2020-03-16,Re: [問題] 棄坑狗肉換回油車，求推薦 - 看板 biker - 批踢踢實業坊,"我本來騎gogoro2
講真的
超好騎
好滑
真的是輕鬆催就滑出去
",就剩一點加限速，我現在都剩兩格就準備去
https://www.ptt.cc/bbs/biker/M.1678955878.A.2ED.html,2020-03-16,Re: [問題] 棄坑狗肉換回油車，求推薦 - 看板 biker - 批踢踢實業坊,"我本來騎gogoro2
講真的
超好騎
好滑
真的是輕鬆催就滑出去
",換，有時三格經過也換！
https://www.ptt.cc/bbs/biker/M.1678955878.A.2ED.html,2020-03-16,Re: [問題] 棄坑狗肉換回油車，求推薦 - 看板 biker - 批踢踢實業坊,"我本來騎gogoro2
講真的
超好騎
好滑
真的是輕鬆催就滑出去
",5-60%的電池 不就騎到新莊再騎回來就差
https://www.ptt.cc/bbs/biker/M.1678955878.A.2ED.html,2020-03-16,Re: [問題] 棄坑狗肉換回油車，求推薦 - 看板 biker - 批踢踢實業坊,"我本來騎gogoro2
講真的
超好騎
好滑
真的是輕鬆催就滑出去
",不多又要換了
https://www.ptt.cc/bbs/biker/M.1678955878.A.2ED.html,2020-03-16,Re: [問題] 棄坑狗肉換回油車，求推薦 - 看板 biker - 批踢踢實業坊,"我本來騎gogoro2
講真的
超好騎
好滑
真的是輕鬆催就滑出去
",最近也在考慮，比較喜歡全新迪爵，可惜家
https://www.ptt.cc/bbs/biker/M.1678955878.A.2ED.html,2020-03-16,Re: [問題] 棄坑狗肉換回油車，求推薦 - 看板 biker - 批踢踢實業坊,"我本來騎gogoro2
講真的
超好騎
好滑
真的是輕鬆催就滑出去
",人覺得買菜比較寬不好停車。她之前牽舊的
https://www.ptt.cc/bbs/biker/M.1678955878.A.2ED.html,2020-03-16,Re: [問題] 棄坑狗肉換回油車，求推薦 - 看板 biker - 批踢踢實業坊,"我本來騎gogoro2
講真的
超好騎
好滑
真的是輕鬆催就滑出去
",GT EVO去買菜拉車出來跌倒手受傷，覺得太
https://www.ptt.cc/bbs/biker/M.1678955878.A.2ED.html,2020-03-16,Re: [問題] 棄坑狗肉換回油車，求推薦 - 看板 biker - 批踢踢實業坊,"我本來騎gogoro2
講真的
超好騎
好滑
真的是輕鬆催就滑出去
",重所以她也不要瘦迪。最後在活力125和新
https://www.ptt.cc/bbs/biker/M.1678955878.A.2ED.html,2020-03-16,Re: [問題] 棄坑狗肉換回油車，求推薦 - 看板 biker - 批踢踢實業坊,"我本來騎gogoro2
講真的
超好騎
好滑
真的是輕鬆催就滑出去
",豪邁125兩台之間選，活力爬社團文六期好
https://www.ptt.cc/bbs/biker/M.1678955878.A.2ED.html,2020-03-16,Re: [問題] 棄坑狗肉換回油車，求推薦 - 看板 biker - 批踢踢實業坊,"我本來騎gogoro2
講真的
超好騎
好滑
真的是輕鬆催就滑出去
",像有漏油的問題，不知道2023七期有沒有改
https://www.ptt.cc/bbs/biker/M.1678955878.A.2ED.html,2020-03-16,Re: [問題] 棄坑狗肉換回油車，求推薦 - 看板 biker - 批踢踢實業坊,"我本來騎gogoro2
講真的
超好騎
好滑
真的是輕鬆催就滑出去
",善，這兩台有比較推薦哪台嗎？
https://www.ptt.cc/bbs/biker/M.1678955878.A.2ED.html,2020-03-16,Re: [問題] 棄坑狗肉換回油車，求推薦 - 看板 biker - 批踢踢實業坊,"我本來騎gogoro2
講真的
超好騎
好滑
真的是輕鬆催就滑出去
",http://yt1.piee.pw/4ulspu
https://www.ptt.cc/bbs/biker/M.1678955878.A.2ED.html,2020-03-16,Re: [問題] 棄坑狗肉換回油車，求推薦 - 看板 biker - 批踢踢實業坊,"我本來騎gogoro2
講真的
超好騎
好滑
真的是輕鬆催就滑出去
",全新迪爵真的安靜 滑順 車廂大 爽騎中
https://www.ptt.cc/bbs/biker/M.1678955878.A.2ED.html,2020-03-16,Re: [問題] 棄坑狗肉換回油車，求推薦 - 看板 biker - 批踢踢實業坊,"我本來騎gogoro2
講真的
超好騎
好滑
真的是輕鬆催就滑出去
",全新迪爵根本不肥 又輕 扶手低很好停車
https://www.ptt.cc/bbs/biker/M.1678955878.A.2ED.html,2020-03-16,Re: [問題] 棄坑狗肉換回油車，求推薦 - 看板 biker - 批踢踢實業坊,"我本來騎gogoro2
講真的
超好騎
好滑
真的是輕鬆催就滑出去
",真的不要被「胖」迪這字給騙了
https://www.ptt.cc/bbs/biker/M.1678955878.A.2ED.html,2020-03-16,Re: [問題] 棄坑狗肉換回油車，求推薦 - 看板 biker - 批踢踢實業坊,"我本來騎gogoro2
講真的
超好騎
好滑
真的是輕鬆催就滑出去
",有去看過展示車，胖迪她立中柱很吃力，寬
https://www.ptt.cc/bbs/biker/M.1678955878.A.2ED.html,2020-03-16,Re: [問題] 棄坑狗肉換回油車，求推薦 - 看板 biker - 批踢踢實業坊,"我本來騎gogoro2
講真的
超好騎
好滑
真的是輕鬆催就滑出去
",度她也看過她不要，回家後提到胖迪銷售第
https://www.ptt.cc/bbs/biker/M.1678955878.A.2ED.html,2020-03-16,Re: [問題] 棄坑狗肉換回油車，求推薦 - 看板 biker - 批踢踢實業坊,"我本來騎gogoro2
講真的
超好騎
好滑
真的是輕鬆催就滑出去
",一，但是她說買那台以後都我去買菜她就沒
https://www.ptt.cc/bbs/biker/M.1678955878.A.2ED.html,2020-03-16,Re: [問題] 棄坑狗肉換回油車，求推薦 - 看板 biker - 批踢踢實業坊,"我本來騎gogoro2
講真的
超好騎
好滑
真的是輕鬆催就滑出去
",意見。
https://www.ptt.cc/bbs/biker/M.1678955878.A.2ED.html,2020-03-16,Re: [問題] 棄坑狗肉換回油車，求推薦 - 看板 biker - 批踢踢實業坊,"我本來騎gogoro2
講真的
超好騎
好滑
真的是輕鬆催就滑出去
",不然改甲迪跟甲甲迪
https://www.ptt.cc/bbs/biker/M.1678955878.A.2ED.html,2020-03-16,Re: [問題] 棄坑狗肉換回油車，求推薦 - 看板 biker - 批踢踢實業坊,"我本來騎gogoro2
講真的
超好騎
好滑
真的是輕鬆催就滑出去
",結果早上通知拿車惹 XD 直接在這篇分享好
https://www.ptt.cc/bbs/biker/M.1678955878.A.2ED.html,2020-03-16,Re: [問題] 棄坑狗肉換回油車，求推薦 - 看板 biker - 批踢踢實業坊,"我本來騎gogoro2
講真的
超好騎
好滑
真的是輕鬆催就滑出去
",惹
https://www.ptt.cc/bbs/biker/M.1678955878.A.2ED.html,2020-03-16,Re: [問題] 棄坑狗肉換回油車，求推薦 - 看板 biker - 批踢踢實業坊,"我本來騎gogoro2
講真的
超好騎
好滑
真的是輕鬆催就滑出去
",今天大概騎了10幾公里，刻意多繞了一下，
https://www.ptt.cc/bbs/biker/M.1678955878.A.2ED.html,2020-03-16,Re: [問題] 棄坑狗肉換回油車，求推薦 - 看板 biker - 批踢踢實業坊,"我本來騎gogoro2
講真的
超好騎
好滑
真的是輕鬆催就滑出去
",因為馴車期所以按使用說明書不敢騎超過60
https://www.ptt.cc/bbs/biker/M.1678955878.A.2ED.html,2020-03-16,Re: [問題] 棄坑狗肉換回油車，求推薦 - 看板 biker - 批踢踢實業坊,"我本來騎gogoro2
講真的
超好騎
好滑
真的是輕鬆催就滑出去
",，不敢爆催油門，想說讓齒輪引擎慢慢磨合
https://www.ptt.cc/bbs/biker/M.1678955878.A.2ED.html,2020-03-16,Re: [問題] 棄坑狗肉換回油車，求推薦 - 看板 biker - 批踢踢實業坊,"我本來騎gogoro2
講真的
超好騎
好滑
真的是輕鬆催就滑出去
",實際上我最高只騎到40，感覺有力，輕輕催1
https://www.ptt.cc/bbs/biker/M.1678955878.A.2ED.html,2020-03-16,Re: [問題] 棄坑狗肉換回油車，求推薦 - 看板 biker - 批踢踢實業坊,"我本來騎gogoro2
講真的
超好騎
好滑
真的是輕鬆催就滑出去
",/3左右就上到40了
https://www.ptt.cc/bbs/biker/M.1678955878.A.2ED.html,2020-03-16,Re: [問題] 棄坑狗肉換回油車，求推薦 - 看板 biker - 批踢踢實業坊,"我本來騎gogoro2
講真的
超好騎
好滑
真的是輕鬆催就滑出去
",然後煞車正常，椅墊比想像成中好坐，軟硬
https://www.ptt.cc/bbs/biker/M.1678955878.A.2ED.html,2020-03-16,Re: [問題] 棄坑狗肉換回油車，求推薦 - 看板 biker - 批踢踢實業坊,"我本來騎gogoro2
講真的
超好騎
好滑
真的是輕鬆催就滑出去
",適中，後座坐墊蠻厚
https://www.ptt.cc/bbs/biker/M.1678955878.A.2ED.html,2020-03-16,Re: [問題] 棄坑狗肉換回油車，求推薦 - 看板 biker - 批踢踢實業坊,"我本來騎gogoro2
講真的
超好騎
好滑
真的是輕鬆催就滑出去
",腳確定沒卡到
https://www.ptt.cc/bbs/biker/M.1678955878.A.2ED.html,2020-03-16,Re: [問題] 棄坑狗肉換回油車，求推薦 - 看板 biker - 批踢踢實業坊,"我本來騎gogoro2
講真的
超好騎
好滑
真的是輕鬆催就滑出去
",大概就這樣，才牽第一天而且只是當買菜車
https://www.ptt.cc/bbs/biker/M.1678955878.A.2ED.html,2020-03-16,Re: [問題] 棄坑狗肉換回油車，求推薦 - 看板 biker - 批踢踢實業坊,"我本來騎gogoro2
講真的
超好騎
好滑
真的是輕鬆催就滑出去
",，能分享的有限，不好意思
https://www.ptt.cc/bbs/biker/M.1678955878.A.2ED.html,2020-03-16,Re: [問題] 棄坑狗肉換回油車，求推薦 - 看板 biker - 批踢踢實業坊,"我本來騎gogoro2
講真的
超好騎
好滑
真的是輕鬆催就滑出去
",漏油的部分，沒有，不過第一天就漏的話也
https://www.ptt.cc/bbs/biker/M.1678955878.A.2ED.html,2020-03-16,Re: [問題] 棄坑狗肉換回油車，求推薦 - 看板 biker - 批踢踢實業坊,"我本來騎gogoro2
講真的
超好騎
好滑
真的是輕鬆催就滑出去
",太慘 XD
https://www.ptt.cc/bbs/biker/M.1678955878.A.2ED.html,2020-03-16,Re: [問題] 棄坑狗肉換回油車，求推薦 - 看板 biker - 批踢踢實業坊,"我本來騎gogoro2
講真的
超好騎
好滑
真的是輕鬆催就滑出去
",當初也考慮是不是直接買胖迪、瘦迪，尤其
https://www.ptt.cc/bbs/biker/M.1678955878.A.2ED.html,2020-03-16,Re: [問題] 棄坑狗肉換回油車，求推薦 - 看板 biker - 批踢踢實業坊,"我本來騎gogoro2
講真的
超好騎
好滑
真的是輕鬆催就滑出去
",胖迪車廂真的大，坐墊又長又寬也更好載人
https://www.ptt.cc/bbs/biker/M.1678955878.A.2ED.html,2020-03-16,Re: [問題] 棄坑狗肉換回油車，求推薦 - 看板 biker - 批踢踢實業坊,"我本來騎gogoro2
講真的
超好騎
好滑
真的是輕鬆催就滑出去
",，但考慮到老婆身型小騎胖迪有點太大，而
https://www.ptt.cc/bbs/biker/M.1678955878.A.2ED.html,2020-03-16,Re: [問題] 棄坑狗肉換回油車，求推薦 - 看板 biker - 批踢踢實業坊,"我本來騎gogoro2
講真的
超好騎
好滑
真的是輕鬆催就滑出去
",且希望馬力大一點(胖迪7.1kw)，所以同馬力
https://www.ptt.cc/bbs/biker/M.1678955878.A.2ED.html,2020-03-16,Re: [問題] 棄坑狗肉換回油車，求推薦 - 看板 biker - 批踢踢實業坊,"我本來騎gogoro2
講真的
超好騎
好滑
真的是輕鬆催就滑出去
",的瘦迪(7.3kw)跟活力變成優先考量
https://www.ptt.cc/bbs/biker/M.1678955878.A.2ED.html,2020-03-16,Re: [問題] 棄坑狗肉換回油車，求推薦 - 看板 biker - 批踢踢實業坊,"我本來騎gogoro2
講真的
超好騎
好滑
真的是輕鬆催就滑出去
",瘦迪車廂比活力大，肌肉(車殼)介於胖迪與
https://www.ptt.cc/bbs/biker/M.1678955878.A.2ED.html,2020-03-16,Re: [問題] 棄坑狗肉換回油車，求推薦 - 看板 biker - 批踢踢實業坊,"我本來騎gogoro2
講真的
超好騎
好滑
真的是輕鬆催就滑出去
",活力之間，車重更重，適合男生騎
https://www.ptt.cc/bbs/biker/M.1678955878.A.2ED.html,2020-03-16,Re: [問題] 棄坑狗肉換回油車，求推薦 - 看板 biker - 批踢踢實業坊,"我本來騎gogoro2
講真的
超好騎
好滑
真的是輕鬆催就滑出去
",但還是考慮到老婆，所以排除瘦迪，加上我
https://www.ptt.cc/bbs/biker/M.1678955878.A.2ED.html,2020-03-16,Re: [問題] 棄坑狗肉換回油車，求推薦 - 看板 biker - 批踢踢實業坊,"我本來騎gogoro2
講真的
超好騎
好滑
真的是輕鬆催就滑出去
",試騎活力的結果，發現也沒有jog125那麼小
https://www.ptt.cc/bbs/biker/M.1678955878.A.2ED.html,2020-03-16,Re: [問題] 棄坑狗肉換回油車，求推薦 - 看板 biker - 批踢踢實業坊,"我本來騎gogoro2
講真的
超好騎
好滑
真的是輕鬆催就滑出去
",台，整個評估下來活力對我來說性價比最高
https://www.ptt.cc/bbs/biker/M.1678955878.A.2ED.html,2020-03-16,Re: [問題] 棄坑狗肉換回油車，求推薦 - 看板 biker - 批踢踢實業坊,"我本來騎gogoro2
講真的
超好騎
好滑
真的是輕鬆催就滑出去
",，所以下單
https://www.ptt.cc/bbs/biker/M.1678955878.A.2ED.html,2020-03-16,Re: [問題] 棄坑狗肉換回油車，求推薦 - 看板 biker - 批踢踢實業坊,"我本來騎gogoro2
講真的
超好騎
好滑
真的是輕鬆催就滑出去
",漏油風險我是可以承擔，因為這台是2023年
https://www.ptt.cc/bbs/biker/M.1678955878.A.2ED.html,2020-03-16,Re: [問題] 棄坑狗肉換回油車，求推薦 - 看板 biker - 批踢踢實業坊,"我本來騎gogoro2
講真的
超好騎
好滑
真的是輕鬆催就滑出去
",改版過的新車，我賭三陽有全面調整過了
https://www.ptt.cc/bbs/biker/M.1678955878.A.2ED.html,2020-03-16,Re: [問題] 棄坑狗肉換回油車，求推薦 - 看板 biker - 批踢踢實業坊,"我本來騎gogoro2
講真的
超好騎
好滑
真的是輕鬆催就滑出去
",萬一(假設)真的漏就去換個束環或管子，我
https://www.ptt.cc/bbs/biker/M.1678955878.A.2ED.html,2020-03-16,Re: [問題] 棄坑狗肉換回油車，求推薦 - 看板 biker - 批踢踢實業坊,"我本來騎gogoro2
講真的
超好騎
好滑
真的是輕鬆催就滑出去
",是覺得還可以承擔這樣的風
https://www.ptt.cc/bbs/biker/M.1678955878.A.2ED.html,2020-03-16,Re: [問題] 棄坑狗肉換回油車，求推薦 - 看板 biker - 批踢踢實業坊,"我本來騎gogoro2
講真的
超好騎
好滑
真的是輕鬆催就滑出去
",險
https://www.ptt.cc/bbs/biker/M.1678955878.A.2ED.html,2020-03-16,Re: [問題] 棄坑狗肉換回油車，求推薦 - 看板 biker - 批踢踢實業坊,"我本來騎gogoro2
講真的
超好騎
好滑
真的是輕鬆催就滑出去
",而且我感覺不漏的機會比較大
https://www.ptt.cc/bbs/biker/M.1678955878.A.2ED.html,2020-03-16,Re: [問題] 棄坑狗肉換回油車，求推薦 - 看板 biker - 批踢踢實業坊,"我本來騎gogoro2
講真的
超好騎
好滑
真的是輕鬆催就滑出去
",大概是這樣所以還是買惹
https://www.ptt.cc/bbs/biker/M.1678955878.A.2ED.html,2020-03-16,Re: [問題] 棄坑狗肉換回油車，求推薦 - 看板 biker - 批踢踢實業坊,"我本來騎gogoro2
講真的
超好騎
好滑
真的是輕鬆催就滑出去
",参考看看
https://www.ptt.cc/bbs/biker/M.1678955878.A.2ED.html,2020-03-16,Re: [問題] 棄坑狗肉換回油車，求推薦 - 看板 biker - 批踢踢實業坊,"我本來騎gogoro2
講真的
超好騎
好滑
真的是輕鬆催就滑出去
",喔對活力中柱好立，輕踩就起來了，建議要
https://www.ptt.cc/bbs/biker/M.1678955878.A.2ED.html,2020-03-16,Re: [問題] 棄坑狗肉換回油車，求推薦 - 看板 biker - 批踢踢實業坊,"我本來騎gogoro2
講真的
超好騎
好滑
真的是輕鬆催就滑出去
",買的鄉民直接去車行試坐試騎
https://www.ptt.cc/bbs/biker/M.1678955878.A.2ED.html,2020-03-16,Re: [問題] 棄坑狗肉換回油車，求推薦 - 看板 biker - 批踢踢實業坊,"我本來騎gogoro2
講真的
超好騎
好滑
真的是輕鬆催就滑出去
",自己親自試過再買比較好，別單看網路分享
https://www.ptt.cc/bbs/biker/M.1678955878.A.2ED.html,2020-03-16,Re: [問題] 棄坑狗肉換回油車，求推薦 - 看板 biker - 批踢踢實業坊,"我本來騎gogoro2
講真的
超好騎
好滑
真的是輕鬆催就滑出去
",就決定
https://www.ptt.cc/bbs/biker/M.1678955878.A.2ED.html,2020-03-16,Re: [問題] 棄坑狗肉換回油車，求推薦 - 看板 biker - 批踢踢實業坊,"我本來騎gogoro2
講真的
超好騎
好滑
真的是輕鬆催就滑出去
",回前面幾樓鄉民：我騎電車換到的電池最常
https://www.ptt.cc/bbs/biker/M.1678955878.A.2ED.html,2020-03-16,Re: [問題] 棄坑狗肉換回油車，求推薦 - 看板 biker - 批踢踢實業坊,"我本來騎gogoro2
講真的
超好騎
好滑
真的是輕鬆催就滑出去
",見的是60多公里，也有50多的，最多的一次
https://www.ptt.cc/bbs/biker/M.1678955878.A.2ED.html,2020-03-16,Re: [問題] 棄坑狗肉換回油車，求推薦 - 看板 biker - 批踢踢實業坊,"我本來騎gogoro2
講真的
超好騎
好滑
真的是輕鬆催就滑出去
",是80多公里，那次我印象中是比較沒那麼熱
https://www.ptt.cc/bbs/biker/M.1678955878.A.2ED.html,2020-03-16,Re: [問題] 棄坑狗肉換回油車，求推薦 - 看板 biker - 批踢踢實業坊,"我本來騎gogoro2
講真的
超好騎
好滑
真的是輕鬆催就滑出去
",鬧的住宅區巷內的便利店前換到的 XD
https://www.ptt.cc/bbs/biker/M.1678955878.A.2ED.html,2020-03-16,Re: [問題] 棄坑狗肉換回油車，求推薦 - 看板 biker - 批踢踢實業坊,"我本來騎gogoro2
講真的
超好騎
好滑
真的是輕鬆催就滑出去
",我是覺得買車還是要從自己需求出發，有沒
https://www.ptt.cc/bbs/biker/M.1678955878.A.2ED.html,2020-03-16,Re: [問題] 棄坑狗肉換回油車，求推薦 - 看板 biker - 批踢踢實業坊,"我本來騎gogoro2
講真的
超好騎
好滑
真的是輕鬆催就滑出去
",有常要跑山，會不會追求大馬力，如果要的
https://www.ptt.cc/bbs/biker/M.1678955878.A.2ED.html,2020-03-16,Re: [問題] 棄坑狗肉換回油車，求推薦 - 看板 biker - 批踢踢實業坊,"我本來騎gogoro2
講真的
超好騎
好滑
真的是輕鬆催就滑出去
",話可能比較適合jet sl以上的車惹
https://www.ptt.cc/bbs/biker/M.1678955878.A.2ED.html,2020-03-16,Re: [問題] 棄坑狗肉換回油車，求推薦 - 看板 biker - 批踢踢實業坊,"我本來騎gogoro2
講真的
超好騎
好滑
真的是輕鬆催就滑出去
",原PO為什麼淘汰新豪邁有甚麼缺點嗎？
https://www.ptt.cc/bbs/biker/M.1678955878.A.2ED.html,2020-03-16,Re: [問題] 棄坑狗肉換回油車，求推薦 - 看板 biker - 批踢踢實業坊,"我本來騎gogoro2
講真的
超好騎
好滑
真的是輕鬆催就滑出去
",我問到的車價，沒記錯的話，同樣碟煞車，
https://www.ptt.cc/bbs/biker/M.1678955878.A.2ED.html,2020-03-16,Re: [問題] 棄坑狗肉換回油車，求推薦 - 看板 biker - 批踢踢實業坊,"我本來騎gogoro2
講真的
超好騎
好滑
真的是輕鬆催就滑出去
",新豪邁比活力貴9千，這是主要考量
https://www.ptt.cc/bbs/biker/M.1678955878.A.2ED.html,2020-03-16,Re: [問題] 棄坑狗肉換回油車，求推薦 - 看板 biker - 批踢踢實業坊,"我本來騎gogoro2
講真的
超好騎
好滑
真的是輕鬆催就滑出去
",加上活力給我感覺性價比很高，試騎又ok符
https://www.ptt.cc/bbs/biker/M.1678955878.A.2ED.html,2020-03-16,Re: [問題] 棄坑狗肉換回油車，求推薦 - 看板 biker - 批踢踢實業坊,"我本來騎gogoro2
講真的
超好騎
好滑
真的是輕鬆催就滑出去
",合需求，所以就活力惹
https://www.ptt.cc/bbs/biker/M.1678955878.A.2ED.html,2020-03-16,Re: [問題] 棄坑狗肉換回油車，求推薦 - 看板 biker - 批踢踢實業坊,"我本來騎gogoro2
講真的
超好騎
好滑
真的是輕鬆催就滑出去
",我問到的活力56500豪邁62000都碟煞差5500
https://www.ptt.cc/bbs/biker/M.1678955878.A.2ED.html,2020-03-16,Re: [問題] 棄坑狗肉換回油車，求推薦 - 看板 biker - 批踢踢實業坊,"我本來騎gogoro2
講真的
超好騎
好滑
真的是輕鬆催就滑出去
",活力我問到跟你差不多，新豪邁差好多 XD
https://www.ptt.cc/bbs/biker/M.1678955878.A.2ED.html,2020-03-16,Re: [問題] 棄坑狗肉換回油車，求推薦 - 看板 biker - 批踢踢實業坊,"我本來騎gogoro2
講真的
超好騎
好滑
真的是輕鬆催就滑出去
",我之前把S2賣掉再貼一些換活力ABS
https://www.ptt.cc/bbs/biker/M.1678955878.A.2ED.html,2020-03-16,Re: [問題] 棄坑狗肉換回油車，求推薦 - 看板 biker - 批踢踢實業坊,"我本來騎gogoro2
講真的
超好騎
好滑
真的是輕鬆催就滑出去
",後來又去看了很久，最後買了全新迪爵。
https://www.ptt.cc/bbs/biker/M.1678955878.A.2ED.html,2020-03-16,Re: [問題] 棄坑狗肉換回油車，求推薦 - 看板 biker - 批踢踢實業坊,"我本來騎gogoro2
講真的
超好騎
好滑
真的是輕鬆催就滑出去
",我下單時沒abs可選，所以買cbs碟煞
https://www.ptt.cc/bbs/biker/M.1678955878.A.2ED.html,2020-03-16,Re: [問題] 棄坑狗肉換回油車，求推薦 - 看板 biker - 批踢踢實業坊,"我本來騎gogoro2
講真的
超好騎
好滑
真的是輕鬆催就滑出去
",不過即使有abs可能還是買cbs
https://www.ptt.cc/bbs/biker/M.1678955878.A.2ED.html,2020-03-16,Re: [問題] 棄坑狗肉換回油車，求推薦 - 看板 biker - 批踢踢實業坊,"我本來騎gogoro2
講真的
超好騎
好滑
真的是輕鬆催就滑出去
",因為我平常就騎不快而且煞車習慣是正常的
https://www.ptt.cc/bbs/biker/M.1678955878.A.2ED.html,2020-03-16,Re: [問題] 棄坑狗肉換回油車，求推薦 - 看板 biker - 批踢踢實業坊,"我本來騎gogoro2
講真的
超好騎
好滑
真的是輕鬆催就滑出去
",s大收到
https://www.ptt.cc/bbs/biker/M.1678955878.A.2ED.html,2020-03-16,Re: [問題] 棄坑狗肉換回油車，求推薦 - 看板 biker - 批踢踢實業坊,"我本來騎gogoro2
講真的
超好騎
好滑
真的是輕鬆催就滑出去
",見仁見智啦，想清楚自己的需求就好，有
https://www.ptt.cc/bbs/biker/M.1678955878.A.2ED.html,2020-03-16,Re: [問題] 棄坑狗肉換回油車，求推薦 - 看板 biker - 批踢踢實業坊,"我本來騎gogoro2
講真的
超好騎
好滑
真的是輕鬆催就滑出去
",的人就是適合電車，有的人就適合油車，
https://www.ptt.cc/bbs/biker/M.1678955878.A.2ED.html,2020-03-16,Re: [問題] 棄坑狗肉換回油車，求推薦 - 看板 biker - 批踢踢實業坊,"我本來騎gogoro2
講真的
超好騎
好滑
真的是輕鬆催就滑出去
",畢竟兩種車款的優缺點不一樣
https://www.ptt.cc/bbs/biker/M.1678955878.A.2ED.html,2020-03-16,Re: [問題] 棄坑狗肉換回油車，求推薦 - 看板 biker - 批踢踢實業坊,"我本來騎gogoro2
講真的
超好騎
好滑
真的是輕鬆催就滑出去
",定期保養是一定要的啊，不然不管是電
https://www.ptt.cc/bbs/biker/M.1678955878.A.2ED.html,2020-03-16,Re: [問題] 棄坑狗肉換回油車，求推薦 - 看板 biker - 批踢踢實業坊,"我本來騎gogoro2
講真的
超好騎
好滑
真的是輕鬆催就滑出去
",車還是油車都會提早出問題
